file_name,helpsteer-helpfulness,helpsteer-correctness,helpsteer-coherence,helpsteer-complexity,helpsteer-verbosity,ultrafeedback-overall_score,ultrafeedback-instruction_following,ultrafeedback-truthfulness,ultrafeedback-honesty,ultrafeedback-helpfulness,beavertails-is_safe,prometheus-score,argilla-overall_quality,argilla-judge_lm,code-complexity,code-style,code-explanation,code-instruction-following,code-readability
aligner1_13B,0.10481539,0.11727994,0.122527756,0.09467667,0.112621576,0.120060936,0.114771545,0.15723261,0.16351941,0.096720286,0.22042748,0.115527354,0.13351886,0.13063164,0.07599715,0.060432535,0.0692812,0.0661817,0.07823555
aligner1_7B,0.111855574,0.12536795,0.08511903,0.091882646,0.09373098,0.1011936,0.10453532,0.13414465,0.14139973,0.07907176,0.15082937,0.13490102,0.12714355,0.1322294,0.064110816,0.049908385,0.054101057,0.047374967,0.06272414
adapter_13B,0.10472343,0.1211505,0.096085556,0.0941804,0.079496846,0.10414812,0.09098256,0.14451085,0.1140665,0.08046327,0.10890224,0.116773926,0.12285889,0.120657526,0.071056955,0.051633198,0.056462593,0.05965741,0.06702848
adapter_7B,0.093161546,0.10940773,0.07591191,0.096686445,0.0794303,0.10232471,0.10517942,0.14770332,0.11055446,0.08436416,0.120510414,0.11338112,0.12339552,0.10556567,0.05809588,0.05008925,0.04573004,0.049698256,0.060156003
aligner10_13B,0.10979492,0.16320041,0.11200566,0.08915666,0.098730445,0.1142102,0.10614336,0.124648556,0.13858621,0.09354853,0.30906746,0.22672392,0.13363613,0.12044734,0.08196439,0.06499092,0.067576535,0.046665113,0.05828727
loraR8_13B,0.10318167,0.13813956,0.102097735,0.089181684,0.093576424,0.114294566,0.12263441,0.18110731,0.15373065,0.0981082,0.18476251,0.15463781,0.12884419,0.13022049,0.07216096,0.057978727,0.049822763,0.056886565,0.06400371
loraR8_7B,0.10591796,0.12863845,0.0979917,0.08333629,0.086454175,0.119373605,0.1146514,0.14849302,0.14569588,0.09772212,0.16855545,0.10400049,0.14488193,0.13077162,0.064698085,0.053770307,0.051042672,0.056701366,0.06181225
aligner10_7B,0.11507472,0.13315521,0.084106445,0.083409585,0.09083725,0.12635416,0.119096026,0.17280026,0.1675196,0.100376815,0.14118457,0.1270331,0.12835164,0.13372134,0.07008034,0.053908054,0.04935017,0.046966534,0.0612716
