file_name,helpsteer-helpfulness,helpsteer-correctness,helpsteer-coherence,helpsteer-complexity,helpsteer-verbosity,ultrafeedback-overall_score,ultrafeedback-instruction_following,ultrafeedback-truthfulness,ultrafeedback-honesty,ultrafeedback-helpfulness,beavertails-is_safe,prometheus-score,argilla-overall_quality,argilla-judge_lm,code-complexity,code-style,code-explanation,code-instruction-following,code-readability
aligner1_13B,0.22455207,0.25216287,0.34530383,0.4020618,0.2614049,0.19969115,0.17931564,0.26260373,0.2920219,0.15553372,0.6147582,0.46759412,0.20881043,0.32329607,0.17901745,0.18810022,0.18843187,0.16511887,0.14555037
aligner1_7B,0.2165135,0.18133517,0.1335018,0.25191224,0.17816001,0.1308141,0.13832058,0.21082936,0.20942524,0.114715636,0.46816698,0.25550365,0.18580216,0.18130702,0.10342432,0.06783244,0.1100939,0.06545504,0.10161376
adapter_13B,0.1797688,0.17944172,0.17319153,0.22368042,0.19138953,0.1973441,0.12132414,0.19966753,0.1421862,0.11700205,0.17719845,0.42018333,0.18040296,0.2845985,0.16533177,0.06890263,0.112435006,0.13122419,0.11100712
adapter_7B,0.12331577,0.16131116,0.122372486,0.27734312,0.23365462,0.1494029,0.14215921,0.20270455,0.1397167,0.1785525,0.25660387,0.35129136,0.18928011,0.29042202,0.10664041,0.14688729,0.09473473,0.122467995,0.1261486
aligner10_13B,0.2852397,0.29622734,0.19517994,0.27895275,0.3551875,0.20508215,0.1783816,0.18817018,0.22071363,0.17855276,0.7509027,0.5764226,0.2171353,0.19931549,0.14880612,0.12150018,0.15181665,0.1281712,0.1464281
loraR8_13B,0.14274237,0.1854709,0.2158363,0.27799004,0.31692532,0.18468378,0.20559473,0.3633384,0.24452615,0.16792628,0.72669727,0.52044606,0.18361178,0.19851369,0.15899354,0.16185611,0.1411131,0.09888443,0.15426669
loraR8_7B,0.15350668,0.22016558,0.21251948,0.25456887,0.1350164,0.17787929,0.16016434,0.19062325,0.21316692,0.1709501,0.41802943,0.4320741,0.22115088,0.2666249,0.1675814,0.08195791,0.12132918,0.12266678,0.10712001
aligner10_7B,0.15594034,0.18370585,0.11726499,0.119551346,0.114621684,0.16486837,0.14727141,0.19247092,0.21728195,0.12728888,0.36556438,0.2493172,0.14154905,0.16696052,0.09216957,0.06913652,0.07140031,0.06432587,0.07391277
