file_name,helpsteer-helpfulness,helpsteer-correctness,helpsteer-coherence,helpsteer-complexity,helpsteer-verbosity,ultrafeedback-overall_score,ultrafeedback-instruction_following,ultrafeedback-truthfulness,ultrafeedback-honesty,ultrafeedback-helpfulness,beavertails-is_safe,prometheus-score,argilla-overall_quality,argilla-judge_lm,code-complexity,code-style,code-explanation,code-instruction-following,code-readability
lora8_7B,0.14404638,0.14123875,0.09900092,0.10664558,0.09499244,0.1438915,0.14850956,0.18016282,0.19328775,0.1787198,0.35241884,0.22044782,0.086538464,0.19407435,0.114342615,0.0822836,0.08829936,0.098843716,0.11684581
adapter17_7B,0.13728514,0.12891449,0.103579365,0.10180549,0.09284438,0.13281925,0.12393916,0.16608731,0.17151359,0.14751486,0.35549673,0.2020722,0.090360746,0.16419446,0.094758995,0.06784556,0.07910797,0.078828156,0.106173374
aligner1_7B,0.13185906,0.1274352,0.09869022,0.103133135,0.086968616,0.12748025,0.13032404,0.16844378,0.18533005,0.14241827,0.3744468,0.15531097,0.09297075,0.17704166,0.1007746,0.06957731,0.07985047,0.08187144,0.1079573
adapter10_13B,0.15987796,0.14314465,0.10848754,0.123040795,0.1442049,0.14618754,0.13789855,0.17922474,0.19971032,0.16621234,0.40218228,0.16932788,0.07735967,0.19891424,0.12702526,0.08165002,0.09760511,0.10573642,0.12555161
