file_name,helpsteer-helpfulness,helpsteer-correctness,helpsteer-coherence,helpsteer-complexity,helpsteer-verbosity,ultrafeedback-overall_score,ultrafeedback-instruction_following,ultrafeedback-truthfulness,ultrafeedback-honesty,ultrafeedback-helpfulness,beavertails-is_safe,prometheus-score,argilla-overall_quality,argilla-judge_lm,code-complexity,code-style,code-explanation,code-instruction-following,code-readability
lora8_7B,0.47093844,0.4741211,0.5730657,0.478598,0.49111682,0.4866105,0.48593986,0.55774075,0.54568666,0.44948348,0.5039379,0.28488785,0.47271362,0.3784562,0.36495125,0.37767085,0.2662839,0.4111328,0.3373731
adapter17_7B,0.45734304,0.45407802,0.5748541,0.4887519,0.44274166,0.43008754,0.43307605,0.51050687,0.4852133,0.42292216,0.5653451,0.17695636,0.50367683,0.33932018,0.3700407,0.38331842,0.27266684,0.41774815,0.34019083
aligner1_7B,0.47502118,0.4771508,0.59846807,0.48910487,0.45869133,0.47140908,0.46431428,0.5283674,0.48844597,0.4202513,0.46432605,0.23025255,0.5140484,0.37076432,0.35963383,0.37870035,0.2684488,0.41295063,0.33076054
adapter10_13B,0.44933054,0.45639443,0.5572054,0.4738902,0.44599897,0.4400061,0.45638412,0.5111334,0.52247566,0.43222964,0.37082148,0.12076798,0.46404368,0.36321065,0.3289545,0.35598645,0.25527844,0.3950313,0.31436488
